sweep,param,value,decider,runs,tp,fp,tn,fn,false_alert_rate,missed_rate,accuracy,false_alarm_prob,false_alert_ci_lo,false_alert_ci_hi,missed_ci_lo,missed_ci_hi
malicious,malicious_frac,0.0,B1 naive,2000,981,382,637,0,0.2802641232575202,0.0,0.809,0.3748773307163886,0.2570632640303393,0.3047001473261778,0.0,0.0039007288075564635
malicious,malicious_frac,0.0,B2 majority,2000,964,1,1018,17,0.0010362694300518134,0.017329255861365953,0.991,0.0009813542688910696,0.00018294572069698983,0.005846522873549994,0.010847207897815668,0.027576839177368806
malicious,malicious_frac,0.0,Engine,2000,960,1,1018,21,0.001040582726326743,0.021406727828746176,0.989,0.0009813542688910696,0.00018370729926287703,0.005870758014007197,0.014043232079456512,0.03250394870575808
malicious,malicious_frac,0.0,Engine + advisories,2000,971,1,1018,10,0.00102880658436214,0.010193679918450561,0.9945,0.0009813542688910696,0.00018162804282794006,0.005804589392460738,0.005546244455959332,0.018662318626672433
malicious,malicious_frac,0.1,B1 naive,2000,977,753,270,0,0.4352601156069364,0.0,0.6235,0.7360703812316716,0.41206584740680785,0.458741266691735,0.0,0.003916636488501303
malicious,malicious_frac,0.1,B2 majority,2000,900,85,938,77,0.08629441624365482,0.07881269191402251,0.919,0.08308895405669599,0.07032601955936353,0.10547726379764734,0.0635190708071659,0.09740558817956552
malicious,malicious_frac,0.1,Engine,2000,933,1,1022,44,0.0010706638115631692,0.04503582395087001,0.9775,0.0009775171065493646,0.00018901859848697612,0.006039751803679018,0.033717356241383944,0.059918150246106
malicious,malicious_frac,0.1,Engine + advisories,2000,950,1,1022,27,0.0010515247108307045,0.027635619242579325,0.986,0.0009775171065493646,0.0001856392779747756,0.0059322340949490675,0.01906119756170696,0.03991020006253737
malicious,malicious_frac,0.2,B1 naive,2000,996,881,122,1,0.4693660095897709,0.0010030090270812437,0.559,0.8783649052841476,0.44687398684206986,0.49198317157041954,0.00017707311405722268,0.005659614729453679
malicious,malicious_frac,0.2,B2 majority,2000,806,259,744,191,0.2431924882629108,0.19157472417251756,0.775,0.25822532402791626,0.21837916509507,0.2698518319020528,0.16834823681136393,0.21716891195623325
malicious,malicious_frac,0.2,Engine,2000,923,5,998,74,0.005387931034482759,0.07422266800401203,0.9605,0.004985044865403789,0.0023034985025285476,0.012550528190420126,0.059534601552031274,0.09217931601494436
malicious,malicious_frac,0.2,Engine + advisories,2000,952,7,996,45,0.0072992700729927005,0.04513540621865597,0.974,0.006979062811565304,0.003540142618641379,0.014990008135127462,0.03390154774238005,0.05986114157828769
malicious,malicious_frac,0.3,B1 naive,2000,988,955,52,5,0.4915079773546063,0.005035246727089627,0.52,0.9483614697120158,0.4693173071912596,0.5137321612400704,0.0021525850470546087,0.011732870776618883
malicious,malicious_frac,0.3,B2 majority,2000,631,450,557,362,0.4162812210915819,0.364551863041289,0.594,0.4468718967229394,0.38724239682640843,0.44591296889702997,0.33519052029936064,0.3949571781915531
malicious,malicious_frac,0.3,Engine,2000,882,9,998,111,0.010101010101010102,0.11178247734138973,0.94,0.00893743793445879,0.00532308042247744,0.01908526179138477,0.09366051712878298,0.13289664099944926
malicious,malicious_frac,0.3,Engine + advisories,2000,908,17,990,85,0.018378378378378378,0.08559919436052367,0.949,0.016881827209533268,0.011505665886176067,0.02923497277600272,0.06975507825749984,0.1046373227016897
malicious,malicious_frac,0.4,B1 naive,2000,981,984,19,16,0.500763358778626,0.0160481444332999,0.5,0.9810568295114656,0.4786757109430739,0.5228480276857728,0.009901931981748628,0.02590952909261119
malicious,malicious_frac,0.4,B2 majority,2000,429,657,346,568,0.6049723756906077,0.5697091273821464,0.3875,0.6550348953140578,0.5755760905076994,0.6336286232782304,0.5387656395599272,0.6001174764096728
malicious,malicious_frac,0.4,Engine,2000,807,21,982,190,0.025362318840579712,0.1905717151454363,0.8945,0.020937188434695914,0.016647313838721013,0.03846125490802115,0.1673976619673473,0.21612116858485997
malicious,malicious_frac,0.4,Engine + advisories,2000,851,33,970,146,0.03733031674208145,0.1464393179538616,0.9105,0.03290129611166501,0.026702814771750023,0.051961667721523545,0.1258506148381514,0.16974221423689906
established,malicious_frac,0.0,B1 naive,2000,981,382,637,0,0.2802641232575202,0.0,0.809,0.3748773307163886,0.2570632640303393,0.3047001473261778,0.0,0.0039007288075564635
established,malicious_frac,0.0,B2 majority,2000,964,1,1018,17,0.0010362694300518134,0.017329255861365953,0.991,0.0009813542688910696,0.00018294572069698983,0.005846522873549994,0.010847207897815668,0.027576839177368806
established,malicious_frac,0.0,Engine,2000,960,1,1018,21,0.001040582726326743,0.021406727828746176,0.989,0.0009813542688910696,0.00018370729926287703,0.005870758014007197,0.014043232079456512,0.03250394870575808
established,malicious_frac,0.0,Engine + advisories,2000,971,1,1018,10,0.00102880658436214,0.010193679918450561,0.9945,0.0009813542688910696,0.00018162804282794006,0.005804589392460738,0.005546244455959332,0.018662318626672433
established,malicious_frac,0.1,B1 naive,2000,977,753,270,0,0.4352601156069364,0.0,0.6235,0.7360703812316716,0.41206584740680785,0.458741266691735,0.0,0.003916636488501303
established,malicious_frac,0.1,B2 majority,2000,900,85,938,77,0.08629441624365482,0.07881269191402251,0.919,0.08308895405669599,0.07032601955936353,0.10547726379764734,0.0635190708071659,0.09740558817956552
established,malicious_frac,0.1,Engine,2000,902,4,1019,75,0.004415011037527594,0.0767656090071648,0.9605,0.0039100684261974585,0.0017181829751990495,0.01129682974789473,0.0616801991618829,0.09516632937034904
established,malicious_frac,0.1,Engine + advisories,2000,922,11,1012,55,0.011789924973204717,0.05629477993858751,0.967,0.010752688172043012,0.006595803526535629,0.020987941687169658,0.043503536731596536,0.07256168725564055
established,malicious_frac,0.2,B1 naive,2000,996,881,122,1,0.4693660095897709,0.0010030090270812437,0.559,0.8783649052841476,0.44687398684206986,0.49198317157041954,0.00017707311405722268,0.005659614729453679
established,malicious_frac,0.2,B2 majority,2000,806,259,744,191,0.2431924882629108,0.19157472417251756,0.775,0.25822532402791626,0.21837916509507,0.2698518319020528,0.16834823681136393,0.21716891195623325
established,malicious_frac,0.2,Engine,2000,811,29,974,186,0.034523809523809526,0.18655967903711135,0.8925,0.028913260219341975,0.024143515441021383,0.04914227658440141,0.16359793110853335,0.21192762658211425
established,malicious_frac,0.2,Engine + advisories,2000,841,41,962,156,0.046485260770975055,0.15646940822467403,0.9015,0.040877367896311065,0.03444885509676243,0.06245515121768476,0.1352413303723255,0.18033468085662424
established,malicious_frac,0.3,B1 naive,2000,988,955,52,5,0.4915079773546063,0.005035246727089627,0.52,0.9483614697120158,0.4693173071912596,0.5137321612400704,0.0021525850470546087,0.011732870776618883
established,malicious_frac,0.3,B2 majority,2000,631,450,557,362,0.4162812210915819,0.364551863041289,0.594,0.4468718967229394,0.38724239682640843,0.44591296889702997,0.33519052029936064,0.3949571781915531
established,malicious_frac,0.3,Engine,2000,637,114,893,356,0.151797603195739,0.35850956696878145,0.765,0.11320754716981132,0.12791018190118753,0.1792292232402355,0.3292791858020864,0.38883049180366364
established,malicious_frac,0.3,Engine + advisories,2000,692,153,854,301,0.18106508875739644,0.3031218529707956,0.773,0.1519364448857994,0.15656323868229352,0.20845374446273604,0.2753386329938031,0.3324225198312797
established,malicious_frac,0.4,B1 naive,2000,981,984,19,16,0.500763358778626,0.0160481444332999,0.5,0.9810568295114656,0.4786757109430739,0.5228480276857728,0.009901931981748628,0.02590952909261119
established,malicious_frac,0.4,B2 majority,2000,429,657,346,568,0.6049723756906077,0.5697091273821464,0.3875,0.6550348953140578,0.5755760905076994,0.6336286232782304,0.5387656395599272,0.6001174764096728
established,malicious_frac,0.4,Engine,2000,434,247,756,563,0.36270190895741555,0.5646940822467402,0.595,0.24626121635094717,0.3274551606491836,0.39948899694871925,0.5337278645989467,0.5951636602937036
established,malicious_frac,0.4,Engine + advisories,2000,505,308,695,492,0.37884378843788435,0.4934804413239719,0.6,0.3070787637088734,0.3461413986105865,0.41268577179797256,0.46253080059251117,0.5244801310074544
packet_loss,packet_loss,0.0,B1 naive,2000,977,919,100,4,0.48470464135021096,0.004077471967380225,0.5385,0.9018645731108931,0.462262391584091,0.507208747483503,0.0015867315496850892,0.010437130967901494
packet_loss,packet_loss,0.0,B2 majority,2000,792,281,738,189,0.2618825722273998,0.1926605504587156,0.765,0.2757605495583906,0.23645822424418472,0.2890058737252845,0.16919837234275711,0.21852042426372256
packet_loss,packet_loss,0.0,Engine,2000,903,0,1019,78,0.0,0.07951070336391437,0.961,0.0,4.336808689942018e-19,0.00423624147811481,0.06417505947280144,0.09812677668034239
packet_loss,packet_loss,0.0,Engine + advisories,2000,927,3,1016,54,0.0032258064516129032,0.05504587155963303,0.9715,0.002944062806673209,0.0010976387887371031,0.009441193492883249,0.04243187979388154,0.07113115409908155
packet_loss,packet_loss,0.1,B1 naive,2000,972,897,126,5,0.4799357945425361,0.00511770726714432,0.549,0.8768328445747801,0.457349984826463,0.5026039162402368,0.0021878682332249237,0.01192409439152509
packet_loss,packet_loss,0.1,B2 majority,2000,646,189,834,331,0.22634730538922157,0.33879222108495394,0.74,0.18475073313782991,0.1992538958608193,0.25594718143434586,0.3097963888301347,0.36905083787803106
packet_loss,packet_loss,0.1,Engine,2000,818,0,1023,159,0.0,0.16274309109518936,0.9205,0.0,0.0,0.004674380075187238,0.14092492446001514,0.1872030831611951
packet_loss,packet_loss,0.1,Engine + advisories,2000,868,2,1021,109,0.0022988505747126436,0.11156601842374617,0.9445,0.0019550342130987292,0.0006306410802465658,0.008343067655982061,0.09332559748612382,0.13284914877259935
packet_loss,packet_loss,0.2,B1 naive,2000,986,842,161,11,0.46061269146608314,0.011033099297893681,0.5735,0.839481555333998,0.43786910996335165,0.4835214731525684,0.00617165750922283,0.019648212488187353
packet_loss,packet_loss,0.2,B2 majority,2000,524,125,878,473,0.1926040061633282,0.4744232698094283,0.701,0.12462612163509472,0.16410863249892782,0.22471707958804704,0.44358455373682026,0.5054583317707366
packet_loss,packet_loss,0.2,Engine,2000,712,4,999,285,0.00558659217877095,0.2858575727181545,0.8555,0.003988035892323031,0.002174562531376825,0.014275723198150337,0.2586750311260672,0.3146840298881833
packet_loss,packet_loss,0.2,Engine + advisories,2000,764,4,999,233,0.005208333333333333,0.2337011033099298,0.8815,0.003988035892323031,0.002027194905873839,0.013314813091622019,0.20848513902741964,0.26096137478655457
packet_loss,packet_loss,0.3,B1 naive,2000,979,814,193,14,0.4539877300613497,0.014098690835850957,0.586,0.8083416087388282,0.43106487973086804,0.47710732643354836,0.008416538805614524,0.02352594834580452
packet_loss,packet_loss,0.3,B2 majority,2000,369,65,942,624,0.1497695852534562,0.6283987915407855,0.6555,0.06454816285998013,0.11927605271616375,0.18640892559562744,0.5979014129912467,0.657906530818482
packet_loss,packet_loss,0.3,Engine,2000,541,0,1007,452,0.0,0.4551863041289023,0.774,0.0,0.0,0.00705085661594122,0.42444406839217946,0.48627394337618984
packet_loss,packet_loss,0.3,Engine + advisories,2000,608,0,1007,385,0.0,0.3877139979859013,0.8075,0.0,0.0,0.006278749271053161,0.3578970735047819,0.41839637171259275
gps_noise,gps_sigma_m,1.0,B1 naive,2000,977,919,100,4,0.48470464135021096,0.004077471967380225,0.5385,0.9018645731108931,0.462262391584091,0.507208747483503,0.0015867315496850892,0.010437130967901494
gps_noise,gps_sigma_m,1.0,B2 majority,2000,792,281,738,189,0.2618825722273998,0.1926605504587156,0.765,0.2757605495583906,0.23645822424418472,0.2890058737252845,0.16919837234275711,0.21852042426372256
gps_noise,gps_sigma_m,1.0,Engine,2000,903,0,1019,78,0.0,0.07951070336391437,0.961,0.0,4.336808689942018e-19,0.00423624147811481,0.06417505947280144,0.09812677668034239
gps_noise,gps_sigma_m,1.0,Engine + advisories,2000,927,3,1016,54,0.0032258064516129032,0.05504587155963303,0.9715,0.002944062806673209,0.0010976387887371031,0.009441193492883249,0.04243187979388154,0.07113115409908155
gps_noise,gps_sigma_m,3.0,B1 naive,2000,975,917,106,2,0.4846723044397463,0.0020470829068577278,0.5405,0.8963831867057673,0.4622065345427535,0.5072001922639587,0.000561551833373516,0.007433215109627271
gps_noise,gps_sigma_m,3.0,B2 majority,2000,795,264,759,182,0.24929178470254956,0.1862845445240532,0.777,0.25806451612903225,0.22417391416421412,0.2762220056040749,0.16311645659584237,0.2119100512521119
gps_noise,gps_sigma_m,3.0,Engine,2000,901,4,1019,76,0.004419889502762431,0.07778915046059365,0.96,0.0039100684261974585,0.0017200829594269367,0.01130925020490005,0.06259921622897185,0.09628637753050981
gps_noise,gps_sigma_m,3.0,Engine + advisories,2000,922,5,1018,55,0.005393743257820928,0.05629477993858751,0.97,0.004887585532746823,0.0023059857037848247,0.012563998620078655,0.043503536731596536,0.07256168725564055
gps_noise,gps_sigma_m,5.0,B1 naive,2000,996,879,124,1,0.4688,0.0010030090270812437,0.56,0.8763708873379861,0.44629878208931595,0.49142880495155006,0.00017707311405722268,0.005659614729453679
gps_noise,gps_sigma_m,5.0,B2 majority,2000,789,252,751,208,0.2420749279538905,0.2086258776328987,0.77,0.25124626121635096,0.2170331350219114,0.26901336236104123,0.1845456691378201,0.23494288929140583
gps_noise,gps_sigma_m,5.0,Engine,2000,890,3,1000,107,0.0033594624860022394,0.10732196589769308,0.945,0.0029910269192422734,0.0011431432970994042,0.009830477908696577,0.08959375251959058,0.1280646661552527
gps_noise,gps_sigma_m,5.0,Engine + advisories,2000,918,6,997,79,0.006493506493506494,0.07923771313941826,0.9575,0.005982053838484547,0.0029792897338198907,0.014094314208922064,0.06404048666676022,0.09766502197716508
